,Fungicides and Bactericides,Herbicides,Insecticides,Pesticides (total)
mean,6325.251020408164,5511.505102040816,2264.4295918367347,15473.154081632652
median,1703.0,2000.5,332.0,4251.0
std,11610.475894672236,8122.864590729074,4208.6249854037715,22807.113906752897
max,66856.0,62187.0,22012.0,114695.0
min,0.0,0.0,0.0,1.0
